STATE,SERVICE AREA POPULATION,UNDUPLICATED POPULATION,STATE POPULATION,CENTRAL LIBRARIES,BRANCH LIBRARIES,BOOKMOBILES,MLS LIBRARIAN STAFF,LIBRARIAN STAFF,OTHER STAFF,TOTAL STAFF,LOCAL REVENUE,STATE REVENUE,FEDERAL REVENUE,OTHER REVENUE,TOTAL REVENUE,SALARIES,BENEFITS,TOTAL STAFF EXPENDITURES,PRINT EXPENDITURES,ELECTRONIC EXPENDITURES,OTHER COLLECTION EXPENDITURES,TOTAL COLLECTION EXPENDITURES,OTHER EXPENDITURES,TOTAL EXPENDITURES,LOCAL CAPITAL REVENUE,STATE CAPITAL REVENUE,FEDERAL CAPITAL REVENUE,OTHER CAPITAL REVENUE,TOTAL CAPITAL REVENUE,CAPITAL EXPENDITURES,PRINT MATERIALS,EBOOKS,AUDIO MATERIALS,AUDIO DOWNLOADS,VIDEO MATERIALS,VIDEO DOWNLOADS,LOCAL DATABASES,STATE DATABASES,TOTAL DATABASES,PRINT SERIALS,HOURS,VISITS,REFERENCES,USERS,TOTAL CIRCULATION,KIDS CIRCULATION,ELECTRONIC CIRCULATION,LOANS TO,LOANS FROM,TOTAL PROGRAMS,KIDS PROGRAMS,YA PROGRAMS,PROGRAM AUDIENCE,KIDS PROGRAM AUDIENCE,YA PROGRAM AUDIENCE,COMPUTERS,COMPUTER USES,WIFI SESSIONS,START DATE,END DATE,YEAR,BEA REGION
AK,654479,647583,737625,86,16,1,58.86,118.31,193.09,311.4,$32645536.00,$1096129.00,$954653.00,$1288407.00,$35984725.00,$14326886.00,$9750253.00,$24077139.00,$1857977.00,$499120.00,$73822.00,$2430919.00,$9525471.00,$36033529.00,$560252.00,$5631270.00,$2375937.00,$683610.00,$9251069.00,$29314961.00,2395272,502695,129476,497193,282054,399,479,4116,4105,4893,151998,3120386,446578,350471,4490479,1416999,322503,28781,34252,12987,8246,1810,254172,177102,21401,1069,749206,730747,14-Jan,15-Jun,2016,8
AL,4833722,4833722,4833722,222,74,16,328.08,730.76,988.72,1719.48,$89633662.00,$3832508.00,$955225.00,$10057802.00,$104479197.00,$55101208.00,$14819063.00,$69920271.00,$6225330.00,$1779266.00,$2385346.00,$10389942.00,$22118438.00,$102428651.00,$6152118.00,$0.00,$432168.00,$139973.00,$6724259.00,$2526421.00,9330807,3414634,430265,797644,629212,13874,1059,12794,13853,8950,628745,16529493,4437265,2680887,20474201,6587107,2259776,413267,400380,44526,22555,4849,1121601,723637,93665,5556,4277108,3703127,14-Oct,15-Sep,2016,5
AR,2833849,2643928,2915918,54,179,2,145.11,282.61,723.28,1005.89,$65801870.00,$5207194.00,$1560.00,$3989079.00,$74999703.00,$34300378.00,$10656365.00,$44956743.00,$5390795.00,$2105833.00,$1913018.00,$9409646.00,$18233470.00,$72599859.00,$7575103.00,$258941.00,$33000.00,$307262.00,$8174306.00,$6495203.00,6371116,591038,242426,126741,459248,6660,545,2964,3405,9481,436533,10383499,2219676,1628139,14171533,3416231,1483141,28123,26365,38333,24122,5312,1050483,738691,103945,2718,1858903,1150709,15-Jan,15-Dec,2016,5
AS,60863,60324,60863,1,1,0,1,7,3,10,$0.00,$314583.00,$136365.00,$15577.00,$466525.00,$210333.00,$20909.00,$231242.00,$17224.00,$61069.00,$16820.00,$95113.00,$118675.00,$445030.00,$0.00,$0.00,$0.00,$0.00,$0.00,$0.00,41938,1217,895,0,290,0,0,33,33,2,3523,63563,2469,13633,22280,9182,61,0,0,384,354,1,6846,6684,12,20,7118,2420,14-Oct,15-Sep,2016,9
AZ,10652448,6758251,6758251,85,136,11,473.98,560.61,1492.25,2052.86,$168773387.00,$1673773.00,$1972972.00,$7566565.00,$179986697.00,$77714692.00,$28918074.00,$106632766.00,$15183607.00,$5955954.00,$5363157.00,$26474718.00,$44190784.00,$177298184.00,$7388945.00,$0.00,$199905.00,$151400.00,$7740250.00,$6491489.00,8195813,1698298,632268,704063,1047713,31526,595,2970,2938,15136,490277,26425068,5753809,3165690,44207794,14235038,4366325,359332,397185,72501,39135,6862,1526227,1064657,100069,7630,7150328,5340816,14-Jul,15-Jun,2016,6
CA,38697702,38697702,38714725,166,949,51,3080.26,3268.83,8510.39,11779.22,$1332476430.00,$12946522.00,$4947740.00,$67063059.00,$1417433751.00,$579004338.00,$294834779.00,$873839117.00,$72737141.00,$30183949.00,$19910990.00,$122832080.00,$351180550.00,$1347851747.00,$69958065.00,$3094289.00,$361799.00,$7376383.00,$80790536.00,$113838920.00,63675919,5598601,3469511,2644054,5277598,399231,4104,101,4183,92425,2343022,162526811,22020776,21917146,217860542,90787494,15105563,3699830,3374830,362131,215539,37032,9428715,7051832,553731,22251,32275277,15496024,14-Jul,15-Jun,2016,8
CO,5326282,5265461,5326271,97,162,13,727.77,980.16,2343.44,3323.6,$277258943.00,$1535517.00,$914952.00,$19949948.00,$299659360.00,$135077356.00,$38611609.00,$173688965.00,$16866570.00,$10141007.00,$9786925.00,$36794502.00,$64075379.00,$274558846.00,$3678089.00,$206708.00,$6000.00,$24847554.00,$28738351.00,$38762181.00,9951997,1707614,850384,2244957,1308671,117532,2167,57,2224,24205,622701,32347301,4064644,3713871,63028658,21457437,5946413,1007518,960202,113371,71321,9399,2656302,1894546,165387,6481,7145190,3400966,15-Jan,15-Dec,2016,7
CT,4375652,3596677,3596677,192,47,4,756.09,1086.99,1203.37,2290.36,$171771407.00,$1499224.00,$186586.00,$25416247.00,$198873464.00,$118125271.00,$35036981.00,$153162252.00,$12366221.00,$3897898.00,$3339625.00,$19603744.00,$35508617.00,$208274613.00,$11311217.00,$814595.00,$0.00,$3273802.00,$15399614.00,$6989779.00,14309277,1549066,830151,1061896,1192946,17351,1498,7200,8698,21064,556702,21869154,3421851,1591510,29651952,10530150,1320885,1268196,1198567,102104,56402,7500,2081898,1268778,110945,4442,4356831,668961,14-Jul,15-Jun,2016,1
DC,672228,672228,672228,1,25,0,163,163,379.6,542.6,$56205562.00,$0.00,$934331.00,$386261.00,$57526154.00,$33762721.00,$7643254.00,$41405975.00,$2575923.00,$1517247.00,$668275.00,$4761445.00,$11254067.00,$57421487.00,$36449805.00,$0.00,$0.00,$0.00,$36449805.00,$13251834.00,1862550,244210,30262,21187,153017,903,133,0,133,2702,83044,4189520,836655,314186,4014192,1348751,1000490,0,188,15000,9054,1313,327719,258051,14039,1000,1124852,343481,14-Oct,15-Sep,2016,2
DE,935043,935043,935043,19,13,2,63.22,122.71,201.96,324.67,$20833047.00,$3947059.00,$22107.00,$1668653.00,$26470866.00,$13027089.00,$4591195.00,$17618284.00,$1678238.00,$168281.00,$529652.00,$2376171.00,$5600846.00,$25595301.00,$6702366.00,$1163441.00,$0.00,$1875243.00,$9741050.00,$5472826.00,1646103,544719,116899,84021,176381,17640,31,126,157,4056,86330,4115052,444722,374338,6114264,2005684,396969,820024,822179,15003,6728,1267,257997,114009,18058,1076,650846,183327,14-Jul,15-Jun,2016,2
FL,20061119,19772703,20172959,60,475,23,1679.66,1929.19,4196.46,6125.65,$500145753.00,$28006035.00,$1459284.00,$19478037.00,$549089109.00,$228340830.00,$84934633.00,$313275463.00,$33959444.00,$17489608.00,$10228083.00,$61677135.00,$144704072.00,$519656670.00,$33973467.00,$638714.00,$0.00,$723792.00,$35219417.00,$26218433.00,30794327,2431664,1998461,11000634,3460075,210200,1309,5120,5853,46509,1263144,73400951,23601535,10759953,113489630,34405901,15761056,127922,132703,219166,101382,16965,4823312,3009888,338911,16852,16462207,4695598,14-Oct,15-Sep,2016,5
GA,10250112,10250112,10250112,62,338,11,576.97,576.97,2124,2700.97,$147106051.00,$25974224.00,$1338769.00,$13652791.00,$188071835.00,$92618990.00,$36966076.00,$129585066.00,$11172624.00,$3567650.00,$2589369.00,$17329643.00,$38105276.00,$185019985.00,$29634902.00,$2900097.00,$40000.00,$244011.00,$32819010.00,$33103220.00,16522129,412040,583119,298964,942989,22246,290,3844,4134,18128,806119,29147787,8215939,4366940,37351002,16016538,1026529,679255,678339,80731,41420,6140,2313151,1561116,120874,8892,11629268,3481557,14-Jul,15-Jun,2016,5
GU,159358,159358,159358,1,5,0,0,0,21,21,$1144428.00,$0.00,$0.00,$11140.00,$1155568.00,$569752.00,$225307.00,$795059.00,$35613.00,$2424.00,$0.00,$38037.00,$35807.00,$868903.00,$0.00,$0.00,$120499.00,$0.00,$120499.00,$0.00,266695,200,297,217,1439,0,2,0,2,76,6297,72223,1154,61532,31167,16227,0,217,0,1634,754,809,9069,8769,1770,547,25219,2369,14-Oct,15-Sep,2016,9
HI,1419561,1419561,1419561,1,49,2,152,154,393.5,547.5,$0.00,$31206251.00,$1035941.00,$2002128.00,$34244320.00,$23399893.00,$248588.00,$23648481.00,$2497176.00,$1439040.00,$116077.00,$4052293.00,$6868798.00,$34569572.00,$0.00,$3625000.00,$0.00,$0.00,$3625000.00,$5190879.00,3197205,38509,230800,15957,164142,0,0,93,93,2739,92616,4940616,664247,958223,6388014,2729594,417735,238,36,10072,7369,1616,279966,206485,45615,532,729658,322173,14-Jul,15-Jun,2016,8
IA,3091381,3071934,3123899,543,24,3,298.93,991.47,750.42,1741.89,$110283781.00,$2599618.00,$67309.00,$10567860.00,$123518568.00,$61742243.00,$19393198.00,$81135441.00,$9671375.00,$2787509.00,$3055112.00,$15513996.00,$21880255.00,$118529692.00,$5325938.00,$95296.00,$1120169.00,$3686370.00,$10227773.00,$13272259.00,11982974,6452994,664307,2668134,1003252,4258,1020,7033,8053,28097,1001947,18107047,1730745,2064047,27434738,9634627,1411613,378713,419089,78333,52252,6733,1718736,1349438,101078,4852,3183385,2089593,14-Jul,15-Jun,2016,4
ID,1366746,1366746,1654930,100,45,10,100.2,221.1,558.88,779.98,$48390167.00,$1560560.00,$28865.00,$3954544.00,$53934136.00,$24220579.00,$7594320.00,$31814899.00,$3463594.00,$1148282.00,$599094.00,$5210970.00,$13203107.00,$50228976.00,$1460504.00,$6943.00,$205658.00,$200960.00,$1874065.00,$4933066.00,4351952,421811,235377,216767,330264,1168,195,5253,5448,6462,279337,8657494,1152777,902975,15633138,7124369,974695,152044,160447,31962,21939,3646,792062,624334,68787,1862,1847384,751066,14-Oct,15-Sep,2016,7
IL,11708841,11783933,12859995,622,157,19,2181,3181.54,5444.67,8626.21,$716492017.00,$46603404.00,$2575136.00,$40124052.00,$805794609.00,$370378012.00,$96400274.00,$466778286.00,$46622395.00,$20738799.00,$14601080.00,$81962274.00,$171604585.00,$720345145.00,$44692812.00,$32755241.00,$182532.00,$10572187.00,$88202772.00,$127720309.00,42366082,11905527,2758185,2781576,3608374,155834,7765,13684,21449,84358,1919223,70379834,10394057,5693590,111992747,45241095,6505528,5429397,5270659,205303,122988,20283,4841882,3446474,348304,16526,13558526,9003170,13-Dec,15-Jun,2016,3
IN,6222089,6100143,6483802,236,191,26,968.59,1463.5,2939.47,4402.97,$293434079.00,$20183577.00,$772886.00,$15053009.00,$329443551.00,$147234670.00,$48047188.00,$195281858.00,$24389285.00,$11028137.00,$7935580.00,$43353002.00,$76699467.00,$315334327.00,$42105594.00,$2201453.00,$5791.00,$4917326.00,$49230164.00,$33638576.00,23209611,5235660,1554342,1269058,2097689,127613,2942,12087,15029,43856,1087293,34932970,4257304,3563110,77652885,23891489,13264127,494503,505168,139977,81694,13505,3061291,1972807,208783,8681,6911547,7670584,15-Jan,15-Dec,2016,3
KS,2497316,2499729,2904021,328,48,5,275.77,703.03,1019.83,1722.86,$107662056.00,$4078163.00,$84833.00,$12103199.00,$123928251.00,$58407415.00,$17747949.00,$76155364.00,$8183735.00,$2806831.00,$3066273.00,$14056839.00,$29007190.00,$119219393.00,$3088361.00,$0.00,$0.00,$2209831.00,$5298192.00,$4267241.00,9150452,43146554,499312,6091082,903955,62748,413,21056,21277,14827,683833,14018272,2013076,1716413,24929579,9544781,1423733,875878,904954,58459,35379,6428,1185783,861950,90636,3723,2975769,1101084,15-Jan,15-Dec,2016,4
KY,4413457,4395295,4395295,119,86,75,363.08,1209.07,1010.03,2219.1,$167707494.00,$6101708.00,$708556.00,$8703449.00,$183221207.00,$66068552.00,$24481791.00,$90550343.00,$11302055.00,$4799266.00,$4282348.00,$20383669.00,$32256540.00,$143190552.00,$4921924.00,$496803.00,$12825.00,$2610453.00,$8042005.00,$26120847.00,9170937,9038104,528600,1886190,855339,265707,1081,3774,4855,18358,633608,18584048,4282701,2595290,30434823,9842962,2699150,52914,72733,95029,60512,7205,2209558,1481367,126791,4893,4404673,3781523,14-Jul,15-Jun,2016,5
LA,4692850,4670724,4670724,68,272,27,457.61,1178.24,1520.01,2698.25,$223788585.00,$5140664.00,$602893.00,$7418307.00,$236950449.00,$90133714.00,$33849771.00,$123983485.00,$13556712.00,$6094393.00,$4711521.00,$24362626.00,$57607622.00,$205953733.00,$8133051.00,$1010333.00,$2478400.00,$2198950.00,$13820734.00,$26784709.00,11833399,1256550,478336,965551,1091295,106212,725,3468,4193,21417,794911,20224732,5277758,2503850,21036425,4973347,2313363,83287,105251,81645,43324,12010,1816617,1066136,208680,5569,5349309,5180961,15-Jan,15-Dec,2016,5
MA,6720911,6672700,6672700,370,94,4,1266.85,1841.7,1928.63,3770.33,$260052695.00,$8920573.00,$583029.00,$23398796.00,$292955093.00,$188699800.00,$28794886.00,$217494686.00,$22410467.00,$6809231.00,$7139417.00,$36359115.00,$49602713.00,$303456514.00,$49157159.00,$33980554.00,$5149.00,$19839199.00,$102982061.00,$24515396.00,30872149,16204148,1519949,1928841,1969090,224232,6241,22200,28141,45206,921095,40693986,4503302,3343980,61373010,20607066,4010052,6279940,6453685,137999,78136,11522,2649669,1814954,134318,6522,6348554,2910088,14-Jul,15-Jun,2016,1
MD,5922168,5884563,5884563,14,174,16,662,1330,2257,3587,$232394345.00,$52126115.00,$1068431.00,$31321145.00,$316910036.00,$145479600.00,$57940959.00,$203420559.00,$18424864.00,$7478675.00,$7389105.00,$33292644.00,$36792925.00,$273506128.00,$32037181.00,$8369080.00,$360000.00,$124081.00,$40890342.00,$37580601.00,11921844,2734237,1054072,1895236,1047719,39182,579,216,795,18982,500191,28145478,9023047,3720843,58275229,22570928,-1,301352,341362,75812,50970,6826,2062215,1528224,186462,5157,6119294,4155502,14-Jul,15-Jun,2016,2
ME,1345231,1213403,1329328,262,6,1,156.93,349.18,344.16,693.34,$32879197.00,$365831.00,$37607.00,$12504232.00,$45786867.00,$24947681.00,$6143742.00,$31091423.00,$3235540.00,$373638.00,$634542.00,$4243720.00,$10270915.00,$45606058.00,$15785939.00,$600.00,$222136.00,$9232916.00,$25241591.00,$21130670.00,6221864,1588418,233365,1187900,373400,39641,16854,2,16856,11525,377706,6719983,763041,750006,9009663,3265117,569580,507489,539787,42417,24596,2590,601168,369084,28692,1930,1146820,256486,14-Apr,15-Dec,2016,1
MI,9747938,9844810,9898193,389,252,9,1223.53,1755.45,2978.9,4734.35,$367440525.00,$10804621.00,$426515.00,$22904747.00,$401576408.00,$174438984.00,$57378226.00,$231817210.00,$24087222.00,$7267557.00,$9382699.00,$40737478.00,$91159866.00,$363714554.00,$10699957.00,$68708.00,$15532.00,$2340095.00,$13124292.00,$27201993.00,31842188,3562388,1998997,1820695,2533783,113099,1448,18864,20312,49376,1419931,48242810,8781159,5205215,81338973,25725606,7788300,2730480,2814384,131883,70225,12140,3345035,2157058,224132,11961,10000465,6652770,13-Dec,15-Sep,2016,3
MN,5781457,5502683,5502683,129,226,8,525.31,777.5,1384.92,2162.42,$189721699.00,$8398596.00,$115985.00,$20260382.00,$218496662.00,$101952405.00,$33825562.00,$135777967.00,$16203293.00,$5500254.00,$4434377.00,$26137924.00,$53638856.00,$215150849.00,$31324172.00,$715199.00,$3822.00,$1580028.00,$33623221.00,$28540268.00,14362914,3983900,863976,544818,1011430,1328,1146,6576,7722,24337,742699,24472891,3822480,3871271,52624381,21322015,4805966,1127841,1109253,65044,40005,6568,1485319,1068458,93750,5730,5110594,3378243,15-Jan,15-Dec,2016,4
MO,5476144,5476144,6063589,139,222,26,296.52,819.03,2337.48,3156.51,$229210474.00,$4342415.00,$2523100.00,$15449115.00,$251525104.00,$104468282.00,$31479013.00,$135947295.00,$19387015.00,$9517897.00,$7142373.00,$36047285.00,$58493315.00,$230487895.00,$7405061.00,$56000.00,$108167.00,$879363.00,$8448591.00,$19004342.00,16287823,1871690,958551,792044,1141454,61224,1155,1452,2607,28192,901003,28446757,3543785,3321761,54825928,18449805,4433382,365625,409057,93515,47088,7371,2335768,1659684,170899,5077,6048088,2146280,13-Oct,15-Oct,2016,4
MS,3010927,2982557,2994079,52,184,2,130.51,632.42,283.08,915.5,$36970912.00,$9209146.00,$680456.00,$4624039.00,$51484553.00,$24507799.00,$8507422.00,$33015221.00,$2801152.00,$587242.00,$738601.00,$4126995.00,$11971805.00,$49114021.00,$17909.00,$0.00,$17828.00,$0.00,$35737.00,$479085.00,5703858,152247,197108,44751,348309,21105,173,2704,2877,6029,446376,9057776,1386944,1703933,7673400,2411606,168410,13466,20750,25674,14636,1970,655091,467860,34315,2742,2500843,649787,14-Oct,15-Sep,2016,5
MT,988533,988533,988533,82,32,4,68.15,190.28,192.34,382.62,$25681647.00,$568271.00,$19531.00,$1763255.00,$28032704.00,$13275125.00,$4663301.00,$17938426.00,$1891445.00,$499176.00,$426392.00,$2817013.00,$4712762.00,$25468201.00,$2486654.00,$0.00,$0.00,$199799.00,$2686453.00,$3270380.00,2622221,961855,118404,833355,198172,26741,129,3116,3245,3979,215043,4220996,476476,461085,6074331,2135996,603756,228012,233207,16655,10775,1632,313886,211546,20541,1288,1174464,285175,14-Jul,15-Jun,2016,7
NC,9953687,9953687,9953687,69,316,21,743.64,800.18,2166.17,2966.35,$192488470.00,$13596531.00,$1669041.00,$10548202.00,$218302244.00,$108094803.00,$39965473.00,$148060276.00,$15553950.00,$4236667.00,$3026046.00,$22816663.00,$39498035.00,$210374974.00,$8976783.00,$178506.00,$143280.00,$107127.00,$9405696.00,$6626008.00,16021416,16550082,666435,645402,788229,73835,530,5040,5570,22423,928242,35671727,6767826,5128357,51518349,22691034,3279927,320278,323486,126583,86008,10899,2697793,2173057,148596,7899,7340714,1927895,14-Jul,15-Jun,2016,5
ND,670109,673061,756927,77,4,11,44.06,138.25,104.88,243.13,$16214941.00,$1591693.00,$1134.00,$1505074.00,$19312842.00,$9299927.00,$2494623.00,$11794550.00,$1782156.00,$416850.00,$365025.00,$2564031.00,$4033682.00,$18392263.00,$375114.00,$0.00,$0.00,$160546.00,$535660.00,$567184.00,2223262,472148,89815,165168,126255,26133,1790,936,2726,3553,148461,2213327,510013,270955,3940674,1377287,447030,58413,45897,8465,5521,1298,201212,154405,13558,836,587812,892547,15-Jan,15-Dec,2016,4
NE,1564374,1566163,1896190,260,19,7,113.49,362.84,435.72,798.56,$53825215.00,$540065.00,$7574.00,$3246921.00,$57619775.00,$27482326.00,$8980897.00,$36463223.00,$4854393.00,$1473145.00,$1317285.00,$7644823.00,$10541964.00,$54650010.00,$2623233.00,$375000.00,$21840.00,$838792.00,$3858865.00,$2278531.00,5826917,3446732,249136,1457427,354819,2442,340,4940,4805,11629,446836,8309742,790724,1067312,12820054,5911983,937867,26921,29248,33386,21504,3317,773034,600481,47764,2897,2036248,1432380,14-Jan,15-Dec,2016,4
NH,1448586,1174260,1323259,227,5,0,230.48,489.54,338.39,827.93,$55035259.00,$128616.00,$33980.00,$4572719.00,$59770574.00,$33060598.00,$10083875.00,$42701214.00,$4291845.00,$813911.00,$1111503.00,$6217259.00,$9172885.00,$58534617.00,$1717165.00,$0.00,$0.00,$330613.00,$2047778.00,$1891262.00,5891592,3731108,299947,1518883,461401,27520,816,5448,6264,11338,386928,7417674,916976,801643,10017770,3938606,831882,277848,258086,49916,27952,2892,748908,494825,28624,1480,871400,220801,14-Jul,15-Dec,2016,1
NJ,9401743,8708750,8791894,295,143,12,1166.99,1408.9,3191.7,4600.6,$449029386.00,$3848662.00,$362055.00,$19873393.00,$473113496.00,$231822112.00,$95599561.00,$327421673.00,$25818079.00,$6904559.00,$7572339.00,$40294977.00,$80948779.00,$448665429.00,$11315716.00,$8337.00,$132000.00,$1581701.00,$13037754.00,$13995043.00,27504614,3636107,1669924,2832567,2223025,117083,4171,6785,10956,368289,1176223,44045921,7199099,4346154,56084031,21903733,3141803,2230189,2362621,189205,95236,16770,3355114,2000705,210161,8117,9117479,3330265,15-Jan,15-Dec,2016,2
NM,1643292,1646422,2059179,95,29,1,126.81,288.34,383.76,672.1,$46333518.00,$2005368.00,$248144.00,$3002602.00,$51589632.00,$21908472.00,$8490207.00,$30398679.00,$4104804.00,$1741832.00,$1355341.00,$7201977.00,$9663650.00,$47264306.00,$6927446.00,$3243435.00,$34982.00,$188575.00,$10394438.00,$11897792.00,4293846,243131,218325,188746,323925,23308,458,4655,5113,6793,261987,7365968,1435111,1060109,9130881,2852797,695153,16599,20482,21229,12389,3141,485827,341454,51273,1733,1983317,2467439,14-Jul,15-Jun,2016,6
NV,2842285,2842285,2843301,19,66,3,163.98,202.56,591.67,794.23,$64651665.00,$22498289.00,$1213443.00,$3727919.00,$92091316.00,$41068065.00,$15465953.00,$56534018.00,$5581970.00,$2288717.00,$2892725.00,$10763412.00,$14740955.00,$82038385.00,$21500.00,$0.00,$0.00,$170435.00,$191935.00,$156879.00,4115827,266935,452558,750892,594601,55493,239,756,995,6261,161834,9918132,1557906,1298837,20870111,6970429,1718418,146138,115115,28438,14504,1427,862023,501770,34385,1268,2531085,1078829,14-Jul,15-Jun,2016,8
NY,19519880,19378102,19378102,755,308,8,3575.32,4212.52,8257.51,12470.03,$1128060892.00,$53868040.00,$5976211.00,$175383031.00,$1363288174.00,$613797443.00,$272152632.00,$885950075.00,$61908188.00,$25908214.00,$16542038.00,$104358440.00,$241322390.00,$1231630905.00,$7916339.00,$9685751.00,$0.00,$166727640.00,$184329730.00,$203581957.00,69312915,16623212,3426806,4175753,5197957,735505,27397,7560,34957,163098,2418181,103912991,27492044,11133885,133877727,42649080,11012721,7263412,7318116,528590,227150,58436,9400433,4973625,780499,20585,21514497,9251665,14-Apr,15-Dec,2016,2
OH,11509951,11509951,11509951,239,474,50,1922.52,2608.61,6341.93,8950.51,$344219620.00,$379453769.00,$445631.00,$73568299.00,$797687318.00,$342844162.00,$109576570.00,$452420732.00,$46497820.00,$21817067.00,$31413394.00,$99728281.00,$152175622.00,$704324635.00,$1000.00,$3711.00,$0.00,$11320003.00,$11324714.00,$88187675.00,41023868,47362218,3482491,25730216,5229884,1900479,3334,18323,21657,124132,1889100,77708926,18819591,8753243,182470612,52411385,15852731,11523847,11833557,272052,172668,27572,6365241,4472015,447064,13421,19093789,10174505,15-Jan,15-Dec,2016,3
OK,3201818,3201818,3911338,118,96,4,338.18,736.19,687.32,1423.51,$108824700.00,$2071933.00,$512491.00,$9651468.00,$121060592.00,$54822565.00,$18420489.00,$73243054.00,$8009784.00,$3666659.00,$3088299.00,$14764742.00,$22196589.00,$110204385.00,$5247666.00,$0.00,$0.00,$8011671.00,$13259337.00,$11404289.00,7093291,2389725,537825,518762,472672,58064,502,4148,4650,43434,510862,13574945,1933516,2053684,22013993,6385127,3505273,34802,38995,36118,21129,4144,1101015,743655,81792,3252,3638328,1149343,14-Jul,15-Jun,2016,6
OR,3797508,3754296,4013845,129,95,7,435.83,521.46,1326.8,1848.26,$201721037.00,$694606.00,$586987.00,$11094156.00,$214096786.00,$86505472.00,$44700264.00,$131205736.00,$10715432.00,$5119885.00,$4032320.00,$19867637.00,$47876018.00,$198949391.00,$584926.00,$0.00,$0.00,$8556730.00,$9141656.00,$4548785.00,9838424,3884222,761305,2218860,974352,164184,1044,3120,4140,17435,413269,20538005,2232974,2211133,56403746,12798038,2872155,4842898,4793831,70866,47742,7054,1652925,1318999,78834,3180,3617548,4123605,14-Jul,15-Jun,2016,8
PA,12446680,12428101,12702379,451,170,22,1182.64,1485.52,3006.76,4492.28,$237640096.00,$55964656.00,$1691445.00,$60341411.00,$355637608.00,$170441487.00,$61855313.00,$232296800.00,$20796714.00,$7577240.00,$5286976.00,$33660930.00,$77143870.00,$343101600.00,$6105611.00,$126632.00,$250000.00,$6172733.00,$12654976.00,$34231104.00,25297878,8271274,1760150,2820924,1901105,1079274,4513,6765,11278,48571,1474271,44497330,7932024,5435074,64981452,24260173,5649484,4614461,4570022,218432,130822,20338,4072625,2967834,242055,8028,8002590,4852711,15-Jan,15-Dec,2016,2
RI,1431901,1057853,1057853,47,23,1,216.7,269.66,352.74,622.4,$33284857.00,$8198195.00,$635902.00,$7061843.00,$49180797.00,$26136934.00,$8821268.00,$34958202.00,$2388744.00,$575859.00,$671889.00,$3636492.00,$9055805.00,$47650499.00,$5595693.00,$774627.00,$0.00,$2548502.00,$8918822.00,$8699703.00,4240572,1673329,150243,521851,238300,24782,192,1728,1920,5884,155656,5888256,669085,460694,6723279,2169768,498564,993074,986516,28965,12655,2644,421168,196840,22051,1405,1238151,123533,14-Jul,15-Jun,2016,1
SC,4652360,4652360,4652360,40,152,31,471.08,594.21,1287.64,1881.85,$120903123.00,$7176862.00,$258769.00,$7117386.00,$135456140.00,$64123850.00,$23697725.00,$87821575.00,$9643589.00,$2925797.00,$3878697.00,$16448083.00,$23145364.00,$127415022.00,$9184773.00,$2235.00,$44827.00,$257637.00,$9489472.00,$8087010.00,9107672,583879,438356,407245,753503,19131,386,2098,2484,16878,492061,17234633,2706415,2498300,26302661,9699552,2564429,151750,164622,47099,27245,4420,1070478,742597,93400,4263,4363546,2004362,14-Jul,15-Jun,2016,5
SD,1239099,757716,858469,112,31,4,46.54,179.74,172.58,352.32,$25021643.00,$0.00,$427650.00,$910626.00,$26359919.00,$12721226.00,$4041800.00,$16763025.00,$1930634.00,$859427.00,$522138.00,$3312199.00,$4975393.00,$25050617.00,$460366.00,$0.00,$487000.00,$112681.00,$1060047.00,$889026.00,2767568,1163720,112641,387666,153765,11510,1287,4368,5655,4373,263210,3696459,425130,362195,5770679,2026688,642244,15912,23169,13919,10585,1361,277266,233811,16331,1099,1113435,511956,15-Jan,15-Dec,2016,4
TN,6374660,6412475,6549352,185,99,3,274.6,557.94,1284.17,1842.11,$111525763.00,$385967.00,$304647.00,$6579310.00,$118795687.00,$57589498.00,$19440943.00,$77030441.00,$10577477.00,$2860356.00,$1985878.00,$15423711.00,$22535810.00,$114989962.00,$21893900.00,$500000.00,$0.00,$2715069.00,$25108969.00,$25362867.00,11721622,21551660,600790,7495908,774976,990346,434,12950,13384,11311,620613,19035041,3432992,3301476,26106156,8772422,3472113,107331,111022,53502,30636,6955,1348283,966819,108958,5308,5059303,1384964,14-Jul,15-Jun,2016,5
TX,24842461,26956958,26956958,554,323,8,1677.98,2440.87,4433.94,6874.81,$489576762.00,$91560.00,$409431.00,$18966986.00,$509044739.00,$247275364.00,$93316984.00,$340592348.00,$36363063.00,$16627214.00,$10121493.00,$63111770.00,$93124342.00,$496828460.00,$53678808.00,$0.00,$0.00,$2621293.00,$56300101.00,$62164506.00,39757839,4555785,2043215,2019788,2890189,169644,2646,31992,34638,49394,1937667,71943760,14405556,13305951,114268261,46871056,10515179,492943,619435,251945,135081,24456,6085525,4324401,428080,19865,17090784,15853077,14-Feb,15-Dec,2016,6
UT,2922067,2922598,2942902,64,62,16,224.04,387.13,871.02,1258.15,$101002338.00,$1372359.00,$540374.00,$4534488.00,$107449559.00,$44937091.00,$19733579.00,$64670670.00,$9003580.00,$2512885.00,$3262926.00,$14779391.00,$23375026.00,$102825087.00,$23409286.00,$89251.00,$78221.00,$355854.00,$23932612.00,$29187269.00,6633404,1148363,621720,1225294,656987,63619,220,3672,3739,11160,320233,17501831,2804740,1802019,36904745,16093244,3229243,29499,30236,32843,22342,2885,1644847,1280739,72187,2105,2837288,1962519,14-Jul,15-Dec,2016,7
VA,8164556,8164556,8382993,83,274,22,897.74,996.93,2747.43,3744.36,$257264721.00,$15031615.00,$1658454.00,$11360301.00,$285315091.00,$143972154.00,$49408439.00,$193380593.00,$18494999.00,$7481793.00,$5416800.00,$31393592.00,$54988854.00,$279763039.00,$25631716.00,$0.00,$0.00,$2086132.00,$27717848.00,$34051941.00,17209663,4609962,968102,668879,1240124,54996,950,3095,4135,21925,916864,37598145,6846633,4779817,71850513,25148117,4614272,165054,163219,105285,66499,7408,2562861,1727384,139964,7084,6963547,7398797,14-Jul,15-Jun,2016,5
VT,686918,605296,626630,183,3,4,67.21,217.73,137.92,355.65,$19222230.00,$0.00,$92191.00,$4488341.00,$23802762.00,$12939118.00,$3412920.00,$16352038.00,$1832764.00,$305998.00,$392781.00,$2527541.00,$5686030.00,$24561598.00,$284198.00,$0.00,$0.00,$2618835.00,$2903033.00,$2753081.00,2978925,93292,128582,70553,218481,0,236,6933,7169,5739,271535,3678613,556279,337364,4421754,1734701,-1,76416,54620,27283,16843,1356,399967,269004,18650,1110,630669,614020,14-Jan,15-Dec,2016,1
WA,6955368,6955368,7061410,54,291,26,798.19,838.51,3044.6,3883.11,$400765015.00,$367901.00,$809226.00,$14395414.00,$416337556.00,$195038243.00,$73016102.00,$268054345.00,$25781210.00,$15280915.00,$10915295.00,$51977420.00,$71791405.00,$391823170.00,$3678200.00,$0.00,$0.00,$2064689.00,$5742889.00,$14471116.00,13261100,2536151,1131924,937404,1528131,6675,920,976,1896,39695,786452,39900470,3882549,3958496,83489120,28326278,11666385,451299,325456,90564,50801,14242,2327178,1677860,213366,6374,8951109,13992213,15-Jan,15-Dec,2016,8
WI,5749006,5749006,5753324,378,82,5,711.86,1148.11,1903.64,3051.75,$214638447.00,$4208795.00,$1049647.00,$13643664.00,$233540553.00,$116007696.00,$39485653.00,$155493349.00,$16524229.00,$2396940.00,$5937679.00,$24858848.00,$46798459.00,$227150656.00,$13603586.00,$2239.00,$162512.00,$5369956.00,$19138293.00,$18578528.00,18781351,53651590,1487232,14079500,2024171,442564,-1,-1,-1,38892,1074100,31898594,4223799,3426989,58191685,21526567,3526709,8751187,8766708,98561,62687,7720,2355286,1769739,131941,6327,5467325,4068806,15-Jan,15-Dec,2016,3
WV,1852994,1852994,1852994,97,76,8,95.08,366.49,296.53,663.02,$23950671.00,$9983011.00,$302969.00,$2810995.00,$37047646.00,$17644209.00,$5632001.00,$23276210.00,$3308839.00,$972914.00,$862576.00,$5144329.00,$7076067.00,$35496606.00,$191506.00,$357204.00,$302969.00,$1045164.00,$1896843.00,$2512376.00,5004721,4055331,200899,812829,299713,56743,426,1358,1784,6181,377805,5454660,617661,943200,6285240,2029097,917491,112140,111079,24732,15949,2749,456933,339141,35151,1469,1009608,110036,14-Jul,15-Jun,2016,5
WY,584153,584153,584153,23,52,2,61.66,172.34,284.14,456.48,$31199475.00,$2240.00,$5711.00,$2322974.00,$33530400.00,$17353267.00,$6800275.00,$24153542.00,$1744803.00,$281110.00,$594871.00,$2620784.00,$5729268.00,$32503594.00,$12605924.00,$0.00,$0.00,$351313.00,$12957237.00,$9412269.00,2383899,407183,176355,169956,217678,731,99,1794,1893,4018,142575,3556145,466289,397997,4930509,1789892,241484,38200,32651,17932,11999,2228,403130,307797,34067,881,851981,172514,14-Jul,15-Jun,2016,7
